{
    "display": {
        "title": {
            "text": "Armor"
        },
        "description": {
            "text": "Beinhaltet alle advancements die für effekte die man durch ausrüstung bekommt notwendig sind.",
            "color": "white"
        },
        "icon": {
            "item": "minecraft:iron_chestplate"
        },
        "frame": "challenge",
        "show_toast": false,
        "announce_to_chat": false,
        "hidden": false
    },
    "criteria": {
        "test2": {
            "trigger": "minecraft:inventory_changed"
        }
    },
    "requirements": [
        [
            "test2"
        ]
    ],
	"parent":"1.14.1realm:technic/root",
    "rewards": {
	
    }
}