{
    "display": {
        "title": {
            "text": "Advanced Crafting"
        },
        "description": {
            "text": "Beinhaltet alel advancemmnts die das erweiterte Crafting ermöglichen.",
            "color": "white"
        },
        "icon": {
            "item": "minecraft:crafting_table"
        },
        "frame": "challenge",
        "show_toast": false,
        "announce_to_chat": false,
        "hidden": false
    },
    "criteria": {
        "test2": {
            "trigger": "minecraft:inventory_changed"
        }
    },
    "requirements": [
        [
            "test2"
        ]
    ],
	"parent":"1.14.1realm:technic/root",
    "rewards": {"function": "1.14.1realm:crafting/item_setup"
	
    }
}