{
    "display": {
        "title": {
            "text": "Technische Commands"
        },
        "description": {
            "text": "Beinhaltet alle advancements die zur koorekten Ausführung  der Feature benötigt werden. ",
            "color": "white"
        },
        "icon": {
            "item": "minecraft:shears",
			"nbt":"{CustomModelData:1002}"
        },
        "frame": "goal",
        "show_toast": false,
        "announce_to_chat": true,
        "hidden": false,
		"background": "minecraft:textures/block/black_concrete.png"
    },
    "criteria": {
        "test2": {
            "trigger": "minecraft:inventory_changed"
        }
    },
    "requirements": [
        [
            "test2"
        ]
    ],
    "rewards": {
	
    }
}