{
    "__comment": "Made with TheDestruc7i0n's advancements generator: https://advancements.thedestruc7i0n.ca",
    "display": {
        "title": {
            "text": "Accessior Beutel"
        },
        "description": {
            "text": "Gibt dir den Effekt der Accessiors in deinen Beutel.",
			"color":"white"
        },
        "icon": {
            "item": "minecraft:brown_shulker_box",
			"nbt":"{CustomModelData:1101}"
        },
        "frame": "task",
        "show_toast": false,
        "announce_to_chat": false,
        "hidden": false
    },
    "criteria": {
        "1": {
            "trigger": "minecraft:inventory_changed",
            "conditions": {
                "items": [
                    {
                        "item": "minecraft:brown_shulker_box",
						"nbt":"{CustomModelData:1101}"
                    }
                ]
            }
        }
    },"parent":"1.14.1realm:technic/armor",
    "requirements": [
        [
            "1"
        ]
    ],
    "rewards": {
        "function": "1.14.1realm:armor_effects/accessior_beutel"
    }
}