{
    "__comment": "Made with TheDestruc7i0n's advancements generator: https://advancements.thedestruc7i0n.ca",
    "display": {
        "title": {
            "text": "Unsichtbarkeitsmantel"
        },
        "description": {
            "text": "Gibt dir den Effekt des Unsichtbarkeitsmantels.",
			"color":"white"
        },
        "icon": {
            "item": "minecraft:leather_chestplate",
			"nbt":"{CustomModelData:741}"
        },
        "frame": "task",
        "show_toast": false,
        "announce_to_chat": false,
        "hidden": false
    },
    "criteria": {
        "1": {
            "trigger": "minecraft:inventory_changed",
            "conditions": {
                "items": [
                    {
                        "item": "minecraft:leather_chestplate",
						"nbt":"{CustomModelData:741}"
                    }
                ]
            }
        }
    },"parent":"1.14.1realm:technic/armor",
    "requirements": [
        [
            "1"
        ]
    ],
    "rewards": {
        "function": "1.14.1realm:armor_effects/leather_chestplate"
    }
}