{
  "type": "minecraft:block",
  "pools": [
    {
      "rolls": 1.0,
      "entries": [
        {
          "type": "minecraft:item",
          "name": "minecraft:carrot"
        }
      ]
    },
    {
      "rolls": 1.0,
      "entries": [
        {
          "type": "minecraft:item",
          "functions": [
            {
              "function": "minecraft:apply_bonus",
              "enchantment": "minecraft:fortune",
              "formula": "minecraft:binomial_with_bonus_count",
              "parameters": {
                "extra": 3,
                "probability": 0.5714286
              }
            }
          ],
          "name": "minecraft:carrot"
        }
      ],
      "conditions": [
        {
          "condition": "minecraft:block_state_property",
          "block": "minecraft:carrots",
          "properties": {
            "age": "7"
          }
        }
      ]
    },
	{
      "rolls": 1.0,
      "entries": [
        {
          "type": "minecraft:alternatives",
          "children": [
            {
              "type": "minecraft:item",
              "conditions": [
                {
                  "condition": "minecraft:block_state_property",
                  "block": "minecraft:carrots",
                  "properties": {
                    "age": "7"
                  }
                },
				{
					"condition":"minecraft:match_tool",
					"predicate":
						{
							"item": "minecraft:golden_hoe"
						}
				},
				{
					"condition": "minecraft:random_chance",
					"chance": 0.45
				}
              ],
              "name": "minecraft:apple",
			  "functions":
							[
								{
									"function":"minecraft:set_nbt",
									"tag":"{CustomModelData:437}"
								},
								{
								  "function": "minecraft:set_name",
								  "name": "Mairüben",
							      "italic":"false"
								}
							]
            }
          ]
        }
      ]
    }
  ],
  "functions": [
    {
      "function": "minecraft:explosion_decay"
    }
  ]
}