{
	"type": "minecraft:block",
	"pools": 
		[
			{
				 "rolls": 1,
				 "entries": 
					[
						{
							"type":"minecraft:alternatives",
							"children":
								[
									{
										"type":"minecraft:item",
										"name":"minecraft:apple",
										"conditions":
											[
												{
													"condition":"minecraft:match_tool",
													"predicate":
														{
															"item": "minecraft:shears",
															"nbt":"{CustomModelData:1001}"
														}
												},
												{
													"condition": "minecraft:random_chance",
													"chance": 0.45
												}
											],
										"functions":
											[
												{
													"function":"minecraft:set_nbt",
													"tag":"{CustomModelData:431}"
												}
											]
									}
									
									
								]
						}
					]
			},
			{
				 "rolls": 1,
				 "entries": 
					[
						{
							"type":"minecraft:alternatives",
							"children":
								[{
										"type":"minecraft:item",
										"name":"minecraft:oak_leaves",	
										"conditions":
											[
												{
													"condition":"minecraft:match_tool",
													"predicate":
														{
															"item": "minecraft:shears"
														}
												}
											]
									}
								]
						}
					]
			},
			{
				 "rolls": 1,
				 "entries": 
					[
						{
							"type":"minecraft:alternatives",
							"children":
								[
									{
										"type":"minecraft:item",
										"name":"minecraft:apple",
										"conditions":
											[
												{
													"condition":"minecraft:match_tool",
													"predicate":
														{
															"item": "minecraft:shears",
															"nbt":"{CustomModelData:1001}"
														}
												},
												{
													"condition": "minecraft:random_chance",
													"chance": 0.45
												}
											],
										"functions":
											[
												
											]
									}
								]
						}
					]
			}
		]
}