{
    "providers": [
	 {
            "type": "ttf",
            "file": "minecraft:negative_spaces.ttf",
            "shift": [0.0, 0.0],
            "size": 10.0,
            "oversample": 1.0
        },
        {
            "type": "bitmap",
            "file": "minecraft:font/shard.png",
            "ascent": 10,
            "height": 20,
            "chars": [
                "\uEff1"
            ]
        },
		
		{
            "type": "bitmap",
            "file": "minecraft:font/overlay_2.png",
            "ascent": 5,
            "height": 70,
            "chars": [
                "\uEff2"
            ]
        },
		{
            "type": "bitmap",
            "file": "minecraft:font/overlay_3.png",
            "ascent": 5,
            "height": 70,
            "chars": [
                "\uEff3"
            ]
        }
    ]
}