{

    "display": {
        "title": {
            "text": "Wheat"
        },
        "description": {
            "text": "Shows available Drops from Wheat",
			"color":"white"
        },
        "icon": {
            "item": "minecraft:wheat"
        },
        "frame": "task",
        "show_toast": true,
        "announce_to_chat": true,
        "hidden": false
    },
    "criteria": {
        "1": {
            "trigger": "minecraft:inventory_changed",
            "conditions": {
                "items": [
                    {
                        "item": "minecraft:wheat"
                    }
                ]
            }
        }
    },
    "requirements": [
        [
            "1"
        ]
    ],
	"parent":"1.14.1realm:cooking/farming/farming",
    "rewards": {
    }
}