{

    "display": {
        "title": {
            "text": "Cooking"
        },
        "description": {
            "text": "Cooking with Oskar || Man braucht einen Kessel.Man stellt sich auf den Kesssel.Wirft die Zutaten in den Kessel.man füllt den Kessel mit Wasser.",
			"color":"white"
        },
        "icon": {
            "item": "minecraft:bowl"
        },
        "frame": "task",
        "show_toast": true,
        "announce_to_chat": true,
        "hidden": false,
		 "background": "minecraft:textures/block/red_nether_bricks.png"
    },
    "criteria": {
        "1": {
            "trigger": "minecraft:inventory_changed",
            "conditions": {
                "items": [
                    {
                        "item": "minecraft:bucket"
                    }
                ]
            }
        }
    },
    "requirements": [
        [
            "1"
        ]
    ],
    "rewards": {
        
    }
}