{

    "display": {
        "title": {
            "text": "execute function"
        },
        "description": {
            "text": "spielt funktionen ab ",
			"color":"red"
        },
        "icon": {
            "item": "minecraft:command_block"
        },
        "frame": "goal",
        "show_toast": false,
        "announce_to_chat": false,
        "hidden": false
    },
    "criteria": {
        "1": {
            "trigger": "minecraft:inventory_changed",
            "conditions": {
                "items": [
                    {
                        "item": "minecraft:bucket"
                    }
                ]
            }
        }
    },
    "requirements": [
        [
            "1"
        ]
    ],
	"parent":"1.14.1realm:cooking/cooking",
    "rewards": {
        "function": "1.14.1realm:cooking/main_cooking_filter"
    }
}