{
    
    "display": {
        "title": {
            "text": "Gives food and effects"
        },
        "description": {
            "text": "spielt funktionen ab die hunge rund effekte geben",
			"color":"red"
        },
        "icon": {
            "item": "minecraft:command_block"
        },
        "frame": "goal",
        "show_toast": false,
        "announce_to_chat": false,
        "hidden": false
    },
    "criteria": {
        "swag": {
            "trigger": "minecraft:consume_item",
            "conditions": {
                "item": {
                    "item": "minecraft:beetroot_soup",
                    "nbt": "{CustomModelData:904}"
                }
            }
        }
    },
    "requirements": [
        [
            "swag"
        ]
    ],
	"parent":"1.14.1realm:cooking/cooking_trigger",
    "rewards": {
        "function": "1.14.1realm:cooking/pink_soup_effect"
    }
}