{

    "display": {
        "title": {
            "text": "Potato Soup"
        },
        "description": {
            "text": "1xbowl     2xPotato",
			"color":"white"
        },
        "icon": {
            "item": "minecraft:beetroot_soup",
			"nbt":"{CustomModelData:903}"
        },
        "frame": "task",
        "show_toast": false,
        "announce_to_chat": false,
        "hidden": false
    },
    "criteria": {
        "1": {
            "trigger": "minecraft:inventory_changed",
            "conditions": {
                "items": [
                    {
                        "item": "minecraft:bucket"
                    }
                ]
            }
        }
    },
    "requirements": [
        [
            "1"
        ]
    ],
	"parent":"1.14.1realm:cooking/soup_recipes",
    "rewards": {
    }
}