{

    "display": {
        "title": {
            "text": "execute function"
        },
        "description": {
            "text": "spielt funktionen ab die das kochen ermöglichen ",
			"color":"white"
        },
        "icon": {
            "item": "minecraft:command_block"
        },
        "frame": "task",
        "show_toast": false,
        "announce_to_chat": false,
        "hidden": false
    },
    "criteria": {
        "1":{ "trigger": "minecraft:inventory_changed",
            "conditions": {
                "items": [
                    {
                        "item": "minecraft:water_bucket"
                    }
                ]
            }}
    },
    "requirements": [
        [
            "1"
        ]
    ],
	"parent":"1.14.1realm:technic/cooking1",
    "rewards": {
        "function": "1.14.1realm:cooking/main_cooking_filter"
    }
}