{
    
    "display": {
        "title": {
            "text": "Pink Soup effects"
        },
        "description": {
            "text": "spielt funktionen ab die hunger und effekte geben",
			"color":"white"
        },
        "icon": {
            "item": "minecraft:beetroot_soup",
			"nbt": "{CustomModelData:904}"
        },
        "frame": "task",
        "show_toast": false,
        "announce_to_chat": false,
        "hidden": false
    },
    "criteria": {
        "swag": {
            "trigger": "minecraft:consume_item",
            "conditions": {
                "item": {
                    "item": "minecraft:beetroot_soup",
                    "nbt": "{CustomModelData:904}"
                }
            }
        }
    },
    "requirements": [
        [
            "swag"
        ]
    ],
	"parent":"1.14.1realm:technic/cooking1",
    "rewards": {
        "function": "1.14.1realm:cooking/pink_soup_effect"
    }
}