{
    "__comment": "Made with TheDestruc7i0n's advancements generator: https://advancements.thedestruc7i0n.ca",
    "display": {
        "title": {
            "text": "Zombie Hit"
        },
        "description": {
            "text": "gibt spieler effekt wenn man von nen zombie boss geschagen wird",
			"color":"white"
        },
        "icon": {
            "item": "minecraft:zombie_spawn_egg"
        },
        "frame": "task",
        "show_toast": false,
        "announce_to_chat": false,
        "hidden": false
    },
    "criteria": {
        "1": {
            "trigger": "minecraft:entity_hurt_player",
            "conditions": {
                "damage": {
                    "source_entity": {
                        "type": "minecraft:zombie",
                        "nbt": "{HandDropChances:[2F,0F]}"
                    }
                }
            }
        }
    },
	"parent":"1.14.1realm:technic/bosskampfe",
    "requirements": [
        [
            "1"
        ]
    ],
    "rewards": {
        "function": "1.14.1realm:zombie_hit"
    }
}