{
    "parent": "item/handheld",
	"textures":{
		"layer0":"item/apple/apple0"},
	"overrides": [
		{"predicate": {"custom_model_data":421}, "model": "item/apple/1"},
		{"predicate": {"custom_model_data":422}, "model": "item/apple/2"},
		{"predicate": {"custom_model_data":423}, "model": "item/apple/3"},
		{"predicate": {"custom_model_data":424}, "model": "item/apple/4"},
		
		{"predicate": {"custom_model_data":431}, "model": "item/food/1"},
		{"predicate": {"custom_model_data":432}, "model": "item/food/2"},
		{"predicate": {"custom_model_data":433}, "model": "item/food/3"},
		{"predicate": {"custom_model_data":434}, "model": "item/food/4"},
		{"predicate": {"custom_model_data":435}, "model": "item/food/5"},
		{"predicate": {"custom_model_data":436}, "model": "item/food/6"},
		{"predicate": {"custom_model_data":437}, "model": "item/food/7"},
		{"predicate": {"custom_model_data":438}, "model": "item/food/8"},
		{"predicate": {"custom_model_data":439}, "model": "item/food/9"}
		
		
	]
}
