{
    "parent": "item/handheld",
	"textures":{
		"layer0":"item/diamond_pickaxe/dp0"},
	"overrides": [
		{"predicate": {"custom_model_data":101}, "model": "item/diamond_pickaxe/1"},
		{"predicate": {"custom_model_data":102}, "model": "item/diamond_pickaxe/2"},
		{"predicate": {"custom_model_data":103}, "model": "item/diamond_pickaxe/3"},
		{"predicate": {"custom_model_data":104}, "model": "item/diamond_pickaxe/4"},
		{"predicate": {"custom_model_data":105}, "model": "item/diamond_pickaxe/5"},
		{"predicate": {"custom_model_data":106}, "model": "item/diamond_pickaxe/6"}
	]
}
