{
    "parent": "item/handheld",
	"textures":{
		"layer0":"item/diamond_chestplate/dc0"},
	"overrides": [
		{"predicate": {"custom_model_data":711}, "model": "item/diamond_chestplate/1"},
		{"predicate": {"custom_model_data":712}, "model": "item/diamond_chestplate/2"},
		{"predicate": {"custom_model_data":713}, "model": "item/diamond_chestplate/3"},
		{"predicate": {"custom_model_data":714}, "model": "item/diamond_chestplate/4"},
		{"predicate": {"custom_model_data":715}, "model": "item/diamond_chestplate/5"}
	]
}
