{
    "parent": "item/handheld",
	"textures":{
		"layer0":"item/diamond_leggings/dl0"},
	"overrides": [
		{"predicate": {"custom_model_data":721}, "model": "item/diamond_leggings/1"},
		{"predicate": {"custom_model_data":722}, "model": "item/diamond_leggings/2"},
		{"predicate": {"custom_model_data":723}, "model": "item/diamond_leggings/3"},
		{"predicate": {"custom_model_data":724}, "model": "item/diamond_leggings/4"},
		{"predicate": {"custom_model_data":725}, "model": "item/diamond_leggings/5"}
	]
}
