{
    "parent": "item/handheld",
	"textures":{
		"layer0":"item/shards/in0"},
	"overrides": [
		{"predicate": {"custom_model_data":211}, "model": "item/gems/1"},
		{"predicate": {"custom_model_data":212}, "model": "item/gems/2"},
		{"predicate": {"custom_model_data":213}, "model": "item/gems/3"},
		{"predicate": {"custom_model_data":214}, "model": "item/gems/4"},
		{"predicate": {"custom_model_data":215}, "model": "item/gems/5"},
		{"predicate": {"custom_model_data":217}, "model": "item/gems/7"},
		{"predicate": {"custom_model_data":218}, "model": "item/gems/8"},
		
		{"predicate": {"custom_model_data":221}, "model": "item/shards/1"},
		{"predicate": {"custom_model_data":222}, "model": "item/shards/2"},
		{"predicate": {"custom_model_data":223}, "model": "item/shards/3"},
		{"predicate": {"custom_model_data":224}, "model": "item/shards/4"},
		{"predicate": {"custom_model_data":225}, "model": "item/shards/5"},
		
		{"predicate": {"custom_model_data":231}, "model": "item/ressources/1"},
		{"predicate": {"custom_model_data":232}, "model": "item/ressources/2"},
		{"predicate": {"custom_model_data":233}, "model": "item/ressources/3"},
		
		{"predicate": {"custom_model_data":241}, "model": "item/structure_eggs/1"},
		{"predicate": {"custom_model_data":242}, "model": "item/structure_eggs/2"},
		{"predicate": {"custom_model_data":243}, "model": "item/structure_eggs/3"},
		
		{"predicate": {"custom_model_data":251}, "model": "item/ingot_recipe/1"},
		{"predicate": {"custom_model_data":252}, "model": "item/ingot_recipe/2"},
		{"predicate": {"custom_model_data":253}, "model": "item/ingot_recipe/3"},
		{"predicate": {"custom_model_data":254}, "model": "item/ingot_recipe/4"},
		{"predicate": {"custom_model_data":255}, "model": "item/ingot_recipe/5"},
		
		{"predicate": {"custom_model_data":261}, "model": "item/ingot/1"},
		{"predicate": {"custom_model_data":262}, "model": "item/ingot/2"},
		{"predicate": {"custom_model_data":263}, "model": "item/ingot/3"},
		{"predicate": {"custom_model_data":264}, "model": "item/ingot/4"},
		{"predicate": {"custom_model_data":265}, "model": "item/ingot/5"},
		
		{"predicate": {"custom_model_data":271}, "model": "item/accessiors/1"},
		{"predicate": {"custom_model_data":272}, "model": "item/accessiors/2"},
		{"predicate": {"custom_model_data":273}, "model": "item/accessiors/3"},
		{"predicate": {"custom_model_data":274}, "model": "item/accessiors/4"},
		{"predicate": {"custom_model_data":275}, "model": "item/accessiors/5"},
		{"predicate": {"custom_model_data":276}, "model": "item/accessiors/6"},
		{"predicate": {"custom_model_data":277}, "model": "item/accessiors/7"},
		{"predicate": {"custom_model_data":278}, "model": "item/accessiors/8"},
		{"predicate": {"custom_model_data":279}, "model": "item/accessiors/9"},
		
		{"predicate": {"custom_model_data":281}, "model": "item/ringe/1"},
		{"predicate": {"custom_model_data":282}, "model": "item/ringe/2"},
		{"predicate": {"custom_model_data":283}, "model": "item/ringe/3"},
		{"predicate": {"custom_model_data":284}, "model": "item/ringe/4"},
		{"predicate": {"custom_model_data":285}, "model": "item/ringe/5"},
		{"predicate": {"custom_model_data":286}, "model": "item/ringe/6"}
		


		
		

		
		
		
		
	]
}
