{
    "__comment": "Made with TheDestruc7i0n's advancements generator: https://advancements.thedestruc7i0n.ca",
    "display": {
        "title": {
            "text": "Crafting trigger"
        },
        "description": {
            "text": "Ermöglicht advanced Crafting"
        },
        "icon": {
            "item": "minecraft:fishing_rod",
					"nbt":"{CustomModelData:811}"
        },
        "frame": "task",
        "show_toast": false,
        "announce_to_chat": false,
        "hidden": false
    },
    "criteria": {
        "d": {
            "trigger": "minecraft:item_durability_changed",
            "conditions": {
			
                "item": {
                    "item": "minecraft:fishing_rod",
					"nbt":"{CustomModelData:811}"
                },
                "delta": {
                    
                    "max": -2
                }
            }
        }
    },	"parent":"1.14.1realm:technic/crafting",
    "requirements": [
        [
            "d"
        ]
    ],
	 "rewards": {
        "function": "1.14.1realm:crafting/crafting_filter"
    }
}