{
  "type": "minecraft:entity",
  "pools": [
    {
      "rolls": 1,
      "entries": [
        {
          "type": "minecraft:item",
          "functions": [
            {
              "function": "minecraft:set_count",
              "count": {
                "min": 0.0,
                "max": 1.0,
                "type": "minecraft:uniform"
              }
            },
            {
              "function": "minecraft:looting_enchant",
              "count": {
                "min": 0.0,
                "max": 1.0
              }
            }
          ],
          "name": "minecraft:ender_pearl"
        }
      ]
    },
	    {
      "rolls": 1,
      "entries": [
        {
          "type": "minecraft:item",
          "functions": [
            {
              "function": "minecraft:set_count",
              "count": {
                "min": 0.0,
                "max": 2.0,
                "type": "minecraft:uniform"
				}
              },
			  {
				"function":"minecraft:set_nbt",
				"tag":"{CustomModelData:224}"
			  },
			{
				"function":"minecraft:set_name",
				"name":"Void Shard"
			},
            {
              "function": "minecraft:looting_enchant",
              "count": {
                "min": 0.0,
                "max": 1.0
              }
            }
          ],
		  "conditions":[
				{
					"condition":"minecraft:random_chance",
					"chance":0.5
				}
			],
          "name": "minecraft:iron_nugget"
        }
      ]
    }
  ]
}