{
    "__comment": "Made with TheDestruc7i0n's advancements generator: https://advancements.thedestruc7i0n.ca",
    "display": {
        "title": {
            "text": "Food",
            "color": "yellow"
        },
        "description": {
            "text": "Description"
        },
        "icon": {
            "item": "minecraft:bread"
        },
        "frame": "task",
        "show_toast": true,
        "announce_to_chat": true,
        "hidden": false
    },
    "criteria": {
        "apple": {
            "trigger": "minecraft:consume_item",
            "conditions": {
                "item": {
                    "item": "minecraft:apple",
                    "nbt": "{CustomModelData:666}"
                }
            }
        }
    },
    "requirements": [
        [
            "apple"
        ]
    ],
    "rewards": {
        "function": "wdas"
    }
}