{
    "display": {
        "title": {
            "text": "Rezepte"
        },
        "description": {
            "text": "Hallo seit wann liest man bitte advancements",
            "color": "red"
        },
        "icon": {
            "item": "minecraft:paper"
        },
        "frame": "challenge",
        "show_toast": true,
        "announce_to_chat": true,
        "hidden": false
    },
    "criteria": {
        "test2": {
            "trigger": "minecraft:inventory_changed"
        }
    },
    "requirements": [
        [
            "test2"
        ]
    ],
    "rewards": {
	"recipes": [
            "1.14.1realm:mossy1",
			"1.14.1realm:mossy2",
			"1.14.1realm:mossy3",
			"1.14.1realm:map_new"
        ]
    }
}